{
    "results": [
        {
            "Des": "Eat",
            "Name": "Apple",
            "objectId": "tfS3q1b1c2",
            "pic": {
                "url": "http://127.0.0.1:1337/parse/files/4R03PRP8btiY00gdKqkl7lIlJyj6HYN7QFeodrfR/6c44a1ab6c0a2875495ee9aedd120929_123.png",
                "__type": "File",
                "name": "6c44a1ab6c0a2875495ee9aedd120929_123.png"
            },
            "updatedAt": "2016-09-05T12:04:36.690Z",
            "createdAt": "2016-09-05T11:59:24.248Z"
        }
    ]
}