{
    "results": [
        {
            "f": "11",
            "createdAt": "2016-08-02T06:54:38.392Z",
            "objectId": "0EgzDlg1Hx",
            "updatedAt": "2016-08-02T06:54:49.378Z"
        },
        {
            "file": {
                "url": "http://127.0.0.1:1337/parse/files/4R03PRP8btiY00gdKqkl7lIlJyj6HYN7QFeodrfR/362f28d309e720445d47d904ce20f86a_14322595_332164033796447_5468939475438603363_n.jpg",
                "__type": "File",
                "name": "362f28d309e720445d47d904ce20f86a_14322595_332164033796447_5468939475438603363_n.jpg"
            },
            "updatedAt": "2016-10-30T15:12:52.972Z",
            "createdAt": "2016-09-04T14:38:40.843Z",
            "objectId": "QGwi2NIVPe",
            "f": "dfgdfg"
        }
    ]
}